PMID,Title,Authors,Citation,First Author,Journal/Book,Publication Year,Create Date,PMCID,NIHMS ID,DOI
"30081871","The economic burden of cardiovascular disease and hypertension in low- and middle-income countries: a systematic review","Gheorghe A, Griffiths U, Murphy A, Legido-Quigley H, Lamptey P, Perel P.","BMC Public Health. 2018 Aug 6;18(1):975. doi: 10.1186/s12889-018-5806-x.","Gheorghe A","BMC Public Health","2018","2018/08/08","PMC6090747","","10.1186/s12889-018-5806-x"
"30290641","Relationship between the anxiety/depression and care burden of the major caregiver of stroke patients","Hu P, Yang Q, Kong L, Hu L, Zeng L.","Medicine (Baltimore). 2018 Oct;97(40):e12638. doi: 10.1097/MD.0000000000012638.","Hu P","Medicine (Baltimore)","2018","2018/10/07","PMC6200450","","10.1097/MD.0000000000012638"
"29578827","Burden and Quality of Life of Family Caregivers of Stroke Patients","Caro CC, Costa JD, Da Cruz DMC.","Occup Ther Health Care. 2018 Apr;32(2):154-171. doi: 10.1080/07380577.2018.1449046. Epub 2018 Mar 26.","Caro CC","Occup Ther Health Care","2018","2018/03/27","","","10.1080/07380577.2018.1449046"
"31819329","The Effect of Home Care for Stroke Patients and Education of Caregivers on the Caregiver Burden and Quality of Life","Ugur HG, Erci B.","Acta Clin Croat. 2019 Jun;58(2):321-332. doi: 10.20471/acc.2019.58.02.16.","Ugur HG","Acta Clin Croat","2019","2019/12/11","PMC6884374","","10.20471/acc.2019.58.02.16"
"26095074","Addressing the burden of stroke caregivers: a literature review","Camak DJ.","J Clin Nurs. 2015 Sep;24(17-18):2376-82. doi: 10.1111/jocn.12884. Epub 2015 Jun 10.","Camak DJ","J Clin Nurs","2015","2015/06/23","","","10.1111/jocn.12884"
"33794995","Caregiver burden and coping strategies in caregivers of older patients with stroke","Kazemi A, Azimian J, Mafi M, Allen KA, Motalebi SA.","BMC Psychol. 2021 Apr 1;9(1):51. doi: 10.1186/s40359-021-00556-z.","Kazemi A","BMC Psychol","2021","2021/04/02","PMC8017750","","10.1186/s40359-021-00556-z"
"33156591","Caregiver Burden and Associated Factors Among Informal Caregivers of Stroke Survivors","Achilike S, Beauchamp JES, Cron SG, Okpala M, Payen SS, Baldridge L, Okpala N, Montiel TC, Varughese T, Love M, Fagundes C, Savitz S, Sharrief A.","J Neurosci Nurs. 2020 Dec;52(6):277-283. doi: 10.1097/JNN.0000000000000552.","Achilike S","J Neurosci Nurs","2020","2020/11/06","","","10.1097/JNN.0000000000000552"
"33530205","Effect of education and muscle relaxation program on anxiety, depression and care burden in caregivers of acute stroke survivors: A randomized, controlled study","Wang J, Liu J, Li L, Man J, Yue S, Liu Z.","Medicine (Baltimore). 2021 Jan 29;100(4):e24154. doi: 10.1097/MD.0000000000024154.","Wang J","Medicine (Baltimore)","2021","2021/02/03","PMC7850736","","10.1097/MD.0000000000024154"
"23319485","Poststroke spasticity: sequelae and burden on stroke survivors and caregivers","Zorowitz RD, Gillard PJ, Brainin M.","Neurology. 2013 Jan 15;80(3 Suppl 2):S45-52. doi: 10.1212/WNL.0b013e3182764c86.","Zorowitz RD","Neurology","2013","2013/01/16","","","10.1212/WNL.0b013e3182764c86"
"16948442","Caregiver strain and caregiver burden of primary caregivers of stroke survivors with and without aphasia","Rombough RE, Howse EL, Bartfay WJ.","Rehabil Nurs. 2006 Sep-Oct;31(5):199-209. doi: 10.1002/j.2048-7940.2006.tb00136.x.","Rombough RE","Rehabil Nurs","2006","2006/09/05","","","10.1002/j.2048-7940.2006.tb00136.x"
"35770809","How do stroke survivors and their caregivers manage post-stroke fatigue? A qualitative study","Ablewhite J, Nouri F, Whisker A, Thomas S, Jones F, das Nair R, Condon L, Jones A, Sprigg N, Drummond A.","Clin Rehabil. 2022 Oct;36(10):1400-1410. doi: 10.1177/02692155221107738. Epub 2022 Jun 30.","Ablewhite J","Clin Rehabil","2022","2022/06/30","PMC9420885","","10.1177/02692155221107738"
"35019819","Caregiver strain and fatigue are independent determinants of anxiety among patients early after stroke","van der Velde MY, Aerden LAM, van Oort A, Bodde K, Rambaran Mishre R, Oosterveer DM.","Neuropsychol Rehabil. 2022 Jan 12:1-12. doi: 10.1080/09602011.2021.2023583. Online ahead of print.","van der Velde MY","Neuropsychol Rehabil","2022","2022/01/12","","","10.1080/09602011.2021.2023583"
"24913926","Concept Analysis of Burden in Caregivers of Stroke Survivors During the Early Poststroke Period","Byun E, Evans LK.","Clin Nurs Res. 2015 Oct;24(5):468-86. doi: 10.1177/1054773814537060. Epub 2014 Jun 9.","Byun E","Clin Nurs Res","2015","2014/06/11","","","10.1177/1054773814537060"
"34176311","Fatigue Following Pediatric Arterial Ischemic Stroke: Prevalence and Associated Factors","Greenham M, Gordon AL, Cooper A, Hearps S, Ditchfield M, Coleman L, Hunt RW, Mackay MT, Monagle P, Anderson V.","Stroke. 2021 Oct;52(10):3286-3295. doi: 10.1161/STROKEAHA.120.033000. Epub 2021 Jun 28.","Greenham M","Stroke","2021","2021/06/28","","","10.1161/STROKEAHA.120.033000"
"19689757","A systematic review of caregiver burden following stroke","Rigby H, Gubitz G, Phillips S.","Int J Stroke. 2009 Aug;4(4):285-92. doi: 10.1111/j.1747-4949.2009.00289.x.","Rigby H","Int J Stroke","2009","2009/08/20","","","10.1111/j.1747-4949.2009.00289.x"
"33789060","Contributors to Poststroke Dysphagia-Related Caregiver Burden","Davis C, Namasivayam-MacDonald AM, Shune SE.","Am J Speech Lang Pathol. 2021 May 18;30(3):1061-1073. doi: 10.1044/2021_AJSLP-20-00250. Epub 2021 Mar 31.","Davis C","Am J Speech Lang Pathol","2021","2021/03/31","","","10.1044/2021_AJSLP-20-00250"
"32543914","How is carer strain related to the recovery of stroke survivors with right hemisphere dysfunction? Implications for practice","Stein MS, Reynolds FA.","Disabil Rehabil. 2022 Mar;44(5):693-701. doi: 10.1080/09638288.2020.1775311. Epub 2020 Jun 16.","Stein MS","Disabil Rehabil","2022","2020/06/17","","","10.1080/09638288.2020.1775311"
"27646977","Independence and cognition post-stroke and its relationship to burden and quality of life of family caregivers","Caro CC, Mendes PV, Costa JD, Nock LJ, Cruz DM.","Top Stroke Rehabil. 2017 Apr;24(3):194-199. doi: 10.1080/10749357.2016.1234224. Epub 2016 Sep 19.","Caro CC","Top Stroke Rehabil","2017","2016/09/21","","","10.1080/10749357.2016.1234224"
"23174840","Burden and modifications in life from the perspective of caregivers for patients after stroke","Morais HC, Soares AM, Oliveira AR, Carvalho CM, da Silva MJ, de Araujo TL.","Rev Lat Am Enfermagem. 2012 Sep-Oct;20(5):944-53. doi: 10.1590/s0104-11692012000500017.","Morais HC","Rev Lat Am Enfermagem","2012","2012/11/24","","","10.1590/s0104-11692012000500017"
"35367847","Psychological Burden in Stroke Survivors and Caregivers Dyads at the Rehabilitation Center of Kinshasa (Democratic Republic of Congo): A Cross-Sectional Study","Manzekele Bin Kitoko G, Vivalya BMN, Vagheni MM, Matonda Ma Nzuzi T, Mampunza Lusambulu S, Lelo GM, Mpembi MN, Mampunza Ma Miezi S.","J Stroke Cerebrovasc Dis. 2022 Jun;31(6):106447. doi: 10.1016/j.jstrokecerebrovasdis.2022.106447. Epub 2022 Mar 31.","Manzekele Bin Kitoko G","J Stroke Cerebrovasc Dis","2022","2022/04/03","","","10.1016/j.jstrokecerebrovasdis.2022.106447"
"30235954","Caregiver burden after stroke: changes over time?","Pont W, Groeneveld I, Arwert H, Meesters J, Mishre RR, Vliet Vlieland T, Goossens P; SCORE-study group.","Disabil Rehabil. 2020 Feb;42(3):360-367. doi: 10.1080/09638288.2018.1499047. Epub 2018 Sep 20.","Pont W","Disabil Rehabil","2020","2018/09/22","","","10.1080/09638288.2018.1499047"
"35576296","Correlation Of Caregivers' Strain With Patients' Disability In Stroke","Sardar A, Shahzad K, Arshad AR, Shabbir K, Raza SH.","J Ayub Med Coll Abbottabad. 2022 Apr-Jun;34(2):326-330. doi: 10.55519/JAMC-02-9488.","Sardar A","J Ayub Med Coll Abbottabad","2022","2022/05/16","","","10.55519/JAMC-02-9488"
"36203823","Relationships between care burden, resilience, and depressive symptoms among the main family caregivers of stroke patients: A cross-sectional study","Fang L, Dong M, Fang W, Zheng J.","Front Psychiatry. 2022 Sep 20;13:960830. doi: 10.3389/fpsyt.2022.960830. eCollection 2022.","Fang L","Front Psychiatry","2022","2022/10/07","PMC9530984","","10.3389/fpsyt.2022.960830"
"30268368","A Meta-analytic Study of Predictors for Informal Caregiver Burden in Patients With Stroke","Zhu W, Jiang Y.","J Stroke Cerebrovasc Dis. 2018 Dec;27(12):3636-3646. doi: 10.1016/j.jstrokecerebrovasdis.2018.08.037. Epub 2018 Sep 27.","Zhu W","J Stroke Cerebrovasc Dis","2018","2018/10/01","","","10.1016/j.jstrokecerebrovasdis.2018.08.037"
"22435978","Depression and caregiver burden experienced by caregivers of Jordanian patients with stroke","Kamel AA, Bond AE, Froelicher ES.","Int J Nurs Pract. 2012 Apr;18(2):147-54. doi: 10.1111/j.1440-172X.2012.02011.x.","Kamel AA","Int J Nurs Pract","2012","2012/03/23","","","10.1111/j.1440-172X.2012.02011.x"
"25752228","Stroke management: Informal caregivers' burdens and strians of caring for stroke survivors","Gbiri CA, Olawale OA, Isaac SO.","Ann Phys Rehabil Med. 2015 Apr;58(2):98-103. doi: 10.1016/j.rehab.2014.09.017. Epub 2015 Jan 7.","Gbiri CA","Ann Phys Rehabil Med","2015","2015/03/11","","","10.1016/j.rehab.2014.09.017"
"36550813","A survey of caregiver burden for stroke survivors in non-teaching hospitals in Western China","Cao LL, Tang YF, Xia YQ, Wei JH, Li GR, Mu XM, Jiang CZ, Jin QZ, He M, Cui LJ.","Medicine (Baltimore). 2022 Dec 16;101(50):e31153. doi: 10.1097/MD.0000000000031153.","Cao LL","Medicine (Baltimore)","2022","2022/12/23","PMC9771191","","10.1097/MD.0000000000031153"
"29622011","Informal caregiving burden and perceived social support in an acute stroke care facility","Akosile CO, Banjo TO, Okoye EC, Ibikunle PO, Odole AC.","Health Qual Life Outcomes. 2018 Apr 5;16(1):57. doi: 10.1186/s12955-018-0885-z.","Akosile CO","Health Qual Life Outcomes","2018","2018/04/07","PMC5887210","","10.1186/s12955-018-0885-z"
"21878218","Burden of Chinese stroke family caregivers: the Hong Kong experience","Tang WK, Lau CG, Mok V, Ungvari GS, Wong KS.","Arch Phys Med Rehabil. 2011 Sep;92(9):1462-7. doi: 10.1016/j.apmr.2011.03.027.","Tang WK","Arch Phys Med Rehabil","2011","2011/09/01","","","10.1016/j.apmr.2011.03.027"
"15473113","Measures used to assess burden among caregivers of stroke patients: a review","Visser-Meily JM, Post MW, Riphagen II, Lindeman E.","Clin Rehabil. 2004 Sep;18(6):601-23. doi: 10.1191/0269215504cr776oa.","Visser-Meily JM","Clin Rehabil","2004","2004/10/12","","","10.1191/0269215504cr776oa"
"19329849","Burden of caregivers of people with stroke: evolution and predictors","Vincent C, Desrosiers J, Landreville P, Demers L; BRAD group.","Cerebrovasc Dis. 2009;27(5):456-64. doi: 10.1159/000210092. Epub 2009 Mar 28.","Vincent C","Cerebrovasc Dis","2009","2009/03/31","","","10.1159/000210092"
"18365864","Stroke caregivers' strain: prevalence and determinants in the first six months after stroke","Ilse IB, Feys H, de Wit L, Putman K, de Weerdt W.","Disabil Rehabil. 2008;30(7):523-30. doi: 10.1080/09638280701355645.","Ilse IB","Disabil Rehabil","2008","2008/03/28","","","10.1080/09638280701355645"
"27744714","Balancing satisfaction and stress: carer burden among White and British Asian Indian carers of stroke survivors","Katbamna S, Manning L, Mistri A, Johnson M, Robinson T.","Ethn Health. 2017 Aug;22(4):425-441. doi: 10.1080/13557858.2016.1244740. Epub 2016 Oct 15.","Katbamna S","Ethn Health","2017","2016/10/18","","","10.1080/13557858.2016.1244740"
"29183953","Determinants of Informal Care, Burden, and Risk of Burnout in Caregivers of Stroke Survivors: The CONOCES Study","Oliva-Moreno J, Peña-Longobardo LM, Mar J, Masjuan J, Soulard S, Gonzalez-Rojas N, Becerra V, Casado MÁ, Torres C, Yebenes M, Quintana M, Alvarez-Sabín J; CONOCES Investigators Group.","Stroke. 2018 Jan;49(1):140-146. doi: 10.1161/STROKEAHA.117.017575. Epub 2017 Nov 28.","Oliva-Moreno J","Stroke","2018","2017/11/30","","","10.1161/STROKEAHA.117.017575"
"32776169","Caregiver burden in stroke inpatients: a randomized study comparing robot-assisted gait training and conventional therapy","Guler MA, Erhan B, Yilmaz Yalcinkaya E.","Acta Neurol Belg. 2021 Jun;121(3):729-736. doi: 10.1007/s13760-020-01465-5. Epub 2020 Aug 10.","Guler MA","Acta Neurol Belg","2021","2020/08/11","","","10.1007/s13760-020-01465-5"
"34299748","The Effects of Patients' and Caregivers' Characteristics on the Burden of Families Caring for Stroke Survivors","Kavga A, Kalemikerakis I, Faros A, Milaka M, Tsekoura D, Skoulatou M, Tsatsou I, Govina O.","Int J Environ Res Public Health. 2021 Jul 8;18(14):7298. doi: 10.3390/ijerph18147298.","Kavga A","Int J Environ Res Public Health","2021","2021/07/24","PMC8306485","","10.3390/ijerph18147298"
"32627722","Stroke survivors' priorities for research related to life after stroke","Rudberg AS, Berge E, Laska AC, Jutterström S, Näsman P, Sunnerhagen KS, Lundström E.","Top Stroke Rehabil. 2021 Mar;28(2):153-158. doi: 10.1080/10749357.2020.1789829. Epub 2020 Jul 5.","Rudberg AS","Top Stroke Rehabil","2021","2020/07/07","","","10.1080/10749357.2020.1789829"
"21402745","Prevalence of stroke and related burden among older people living in Latin America, India and China","Ferri CP, Schoenborn C, Kalra L, Acosta D, Guerra M, Huang Y, Jacob KS, Llibre Rodriguez JJ, Salas A, Sosa AL, Williams JD, Liu Z, Moriyama T, Valhuerdi A, Prince MJ.","J Neurol Neurosurg Psychiatry. 2011 Oct;82(10):1074-82. doi: 10.1136/jnnp.2010.234153. Epub 2011 Mar 14.","Ferri CP","J Neurol Neurosurg Psychiatry","2011","2011/03/16","PMC3171978","","10.1136/jnnp.2010.234153"
"35385426","Impact of Stroke Survivors' Physical Disability on the Presence of Caregiver Burden: A Systematic Review","Shamoun C, Harris MA.","J Neurosci Nurs. 2022 Aug 1;54(4):146-150. doi: 10.1097/JNN.0000000000000651. Epub 2022 Mar 30.","Shamoun C","J Neurosci Nurs","2022","2022/04/06","","","10.1097/JNN.0000000000000651"
"34702247","Burden of informal care in stroke survivors and its determinants: a prospective observational study in an Asian setting","Wang Y, Tyagi S, Hoenig H, Lee KE, Venketasubramanian N, Menon E, De Silva DA, Yap P, Tan BY, Young SH, Ng YS, Tu TM, Ang YH, Kong KH, Singh R, Merchant RA, Chang HM, Ning C, Cheong A, Koh GC.","BMC Public Health. 2021 Oct 26;21(1):1945. doi: 10.1186/s12889-021-11991-3.","Wang Y","BMC Public Health","2021","2021/10/27","PMC8547090","","10.1186/s12889-021-11991-3"
"33187877","Types of stroke-related deficits and their impact on family caregiver's depressive symptoms, burden, and quality of life","Freytes IM, Sullivan M, Schmitzberger M, LeLaurin J, Orozco T, Eliazar-Macke N, Uphold C.","Disabil Health J. 2021 Apr;14(2):101019. doi: 10.1016/j.dhjo.2020.101019. Epub 2020 Nov 4.","Freytes IM","Disabil Health J","2021","2020/11/14","","","10.1016/j.dhjo.2020.101019"
"32785520","Burden on caregivers of patients with sequelae of cerebrovascular accident","Costa TFD, Pimenta CJL, Nóbrega MMLD, Fernandes MDGM, França ISX, Pontes MLF, Costa KNFM.","Rev Bras Enferm. 2020;73(6):e20180868. doi: 10.1590/0034-7167-2018-0868. Epub 2020 Aug 10.","Costa TFD","Rev Bras Enferm","2020","2020/08/14","","","10.1590/0034-7167-2018-0868"
"23548544","Anxiety and depression associated with caregiver burden in caregivers of stroke survivors with spasticity","Denno MS, Gillard PJ, Graham GD, DiBonaventura MD, Goren A, Varon SF, Zorowitz R.","Arch Phys Med Rehabil. 2013 Sep;94(9):1731-6. doi: 10.1016/j.apmr.2013.03.014. Epub 2013 Mar 30.","Denno MS","Arch Phys Med Rehabil","2013","2013/04/04","","","10.1016/j.apmr.2013.03.014"
"30844137","Relationship Consensus and Caregiver Burden in Adults with Cognitive Impairments 6 Months Following Stroke","Wu CY, Skidmore ER, Rodakowski J.","PM R. 2019 Jun;11(6):597-603. doi: 10.1002/pmrj.12009. Epub 2019 Mar 7.","Wu CY","PM R","2019","2019/03/08","PMC6541546","NIHMS1002507","10.1002/pmrj.12009"
"30561838","Determinants of caregiver burden of patients with haemorrhagic stroke in China","Zhu W, Jiang Y.","Int J Nurs Pract. 2019 Apr;25(2):e12719. doi: 10.1111/ijn.12719. Epub 2018 Dec 18.","Zhu W","Int J Nurs Pract","2019","2018/12/19","","","10.1111/ijn.12719"
"28280318","The relationship between the spiritual attitude of the family caregivers of older patients with stroke and their burden","Torabi Chafjiri R, Navabi N, Shamsalinia A, Ghaffari F.","Clin Interv Aging. 2017 Mar 1;12:453-458. doi: 10.2147/CIA.S121285. eCollection 2017.","Torabi Chafjiri R","Clin Interv Aging","2017","2017/03/11","PMC5338849","","10.2147/CIA.S121285"
"28252843","Chinese family caregivers of stroke survivors: Determinants of caregiving burden within the first six months","Han Y, Liu Y, Zhang X, Tam W, Mao J, Lopez V.","J Clin Nurs. 2017 Dec;26(23-24):4558-4566. doi: 10.1111/jocn.13793. Epub 2017 May 18.","Han Y","J Clin Nurs","2017","2017/03/03","","","10.1111/jocn.13793"
"26074171","Life situations and the care burden for stroke patients and their informal caregivers in a prospective cohort study","Olai L, Borgquist L, Svärdsudd K.","Ups J Med Sci. 2015;120(4):290-8. doi: 10.3109/03009734.2015.1049388. Epub 2015 Jun 14.","Olai L","Ups J Med Sci","2015","2015/06/16","PMC4816890","","10.3109/03009734.2015.1049388"
"28618848","The stroke caregiving trajectory in relation to caregiver depressive symptoms, burden, and intervention outcomes","Graf R, LeLaurin J, Schmitzberger M, Freytes IM, Orozco T, Dang S, Uphold CR.","Top Stroke Rehabil. 2017 Oct;24(7):488-495. doi: 10.1080/10749357.2017.1338371. Epub 2017 Jun 15.","Graf R","Top Stroke Rehabil","2017","2017/06/17","","","10.1080/10749357.2017.1338371"
"26992877","Burden and Cognitive Appraisal of Stroke Survivors' Informal Caregivers: An Assessment of Depression Model With Mediating and Moderating Effects","Tsai YC, Pai HC.","Arch Psychiatr Nurs. 2016 Apr;30(2):237-43. doi: 10.1016/j.apnu.2015.11.007. Epub 2015 Nov 14.","Tsai YC","Arch Psychiatr Nurs","2016","2016/03/20","","","10.1016/j.apnu.2015.11.007"
"31289087","How is poststroke fatigue understood by stroke survivors and carers? A thematic analysis of an online discussion forum","Thomas K, Gamlin C, De Simoni A, Mullis R, Mant J.","BMJ Open. 2019 Jul 9;9(7):e028958. doi: 10.1136/bmjopen-2019-028958.","Thomas K","BMJ Open","2019","2019/07/11","PMC6615782","","10.1136/bmjopen-2019-028958"
"31451253","Evaluation of burden and depression among caregivers of stroke patients: The role of percutaneous endoscopic gastrostomy feeding tube","Ertem DH, Ilik F.","Clin Nutr ESPEN. 2019 Oct;33:154-157. doi: 10.1016/j.clnesp.2019.06.002. Epub 2019 Jun 21.","Ertem DH","Clin Nutr ESPEN","2019","2019/08/28","","","10.1016/j.clnesp.2019.06.002"
"28851230","Post-stroke depression as a predictor of caregivers burden of acute ischemic stroke patients in China","Dou DM, Huang LL, Dou J, Wang XX, Wang PX.","Psychol Health Med. 2018 Jun;23(5):541-547. doi: 10.1080/13548506.2017.1371778. Epub 2017 Aug 29.","Dou DM","Psychol Health Med","2018","2017/08/31","","","10.1080/13548506.2017.1371778"
"19752548","Burden and perceived health status among caregivers of stroke patients","Carod-Artal FJ, Ferreira Coral L, Trizotto DS, Menezes Moreira C.","Cerebrovasc Dis. 2009;28(5):472-80. doi: 10.1159/000236525. Epub 2009 Sep 10.","Carod-Artal FJ","Cerebrovasc Dis","2009","2009/09/16","","","10.1159/000236525"
"10972352","Patient mood and carer strain during stroke rehabilitation in the community following early hospital discharge","Jones AL, Charlesworth JF, Hendra TJ.","Disabil Rehabil. 2000 Jul 20;22(11):490-4. doi: 10.1080/096382800413970.","Jones AL","Disabil Rehabil","2000","2000/09/06","","","10.1080/096382800413970"
"22773508","Caregiver burden after stroke: towards a structural model","Jaracz K, Grabowska-Fudala B, Kozubski W.","Neurol Neurochir Pol. 2012 May-Jun;46(3):224-32. doi: 10.5114/ninp.2012.29130.","Jaracz K","Neurol Neurochir Pol","2012","2012/07/10","","","10.5114/ninp.2012.29130"
"24213683","Anxiety and low life satisfaction associate with high caregiver strain early after stroke","Oosterveer DM, Mishre RR, van Oort A, Bodde K, Aerden LA.","J Rehabil Med. 2014 Feb;46(2):139-43. doi: 10.2340/16501977-1250.","Oosterveer DM","J Rehabil Med","2014","2013/11/12","","","10.2340/16501977-1250"
"32811207","The relationship of religious coping strategies and family harmony with caregiver burden for family members of patients with stroke","Kes D, Aydin Yildirim T.","Brain Inj. 2020 Sep 18;34(11):1461-1466. doi: 10.1080/02699052.2020.1810317. Epub 2020 Aug 18.","Kes D","Brain Inj","2020","2020/08/20","","","10.1080/02699052.2020.1810317"
"27216085","Informal caregivers' burden and stress in caring for stroke survivors with spatial neglect: an exploratory mixed-method study","Chen P, Fyffe DC, Hreha K.","Top Stroke Rehabil. 2017 Jan;24(1):24-33. doi: 10.1080/10749357.2016.1186373. Epub 2016 May 24.","Chen P","Top Stroke Rehabil","2017","2016/05/25","","","10.1080/10749357.2016.1186373"
"19361125","Profile, burden, and quality of life of Israeli stroke survivor caregivers: a longitudinal study","Nir Z, Greenberger C, Bachner YG.","J Neurosci Nurs. 2009 Apr;41(2):92-105. doi: 10.1097/jnn.0b013e318193456b.","Nir Z","J Neurosci Nurs","2009","2009/04/14","","","10.1097/jnn.0b013e318193456b"
"18216465","Caregiver burden for impaired elderly Japanese with prevalent stroke and dementia under long-term care insurance system","Muraki I, Yamagishi K, Ito Y, Fujieda T, Ishikawa Y, Miyagawa Y, Okada K, Sato S, Kitamura A, Shimamoto T, Tanigawa T, Iso H.","Cerebrovasc Dis. 2008;25(3):234-40. doi: 10.1159/000113861. Epub 2008 Jan 24.","Muraki I","Cerebrovasc Dis","2008","2008/01/25","","","10.1159/000113861"
"35321032","Development and Psychometric Properties of the Caregiver Burden Scale in Polish Caregivers of Stroke Patients","Jaracz K, Grabowska-Fudala B, Kleka P, Tomczak M, Smelkowska A, Pawlicka A, Górna K.","Psychol Res Behav Manag. 2022 Mar 15;15:665-675. doi: 10.2147/PRBM.S348972. eCollection 2022.","Jaracz K","Psychol Res Behav Manag","2022","2022/03/24","PMC8937617","","10.2147/PRBM.S348972"
"31473982","The effect of family-centered empowerment program on the family caregiver burden and the activities of daily living of Iranian patients with stroke: a randomized controlled trial study","Deyhoul N, Vasli P, Rohani C, Shakeri N, Hosseini M.","Aging Clin Exp Res. 2020 Jul;32(7):1343-1352. doi: 10.1007/s40520-019-01321-4. Epub 2019 Aug 31.","Deyhoul N","Aging Clin Exp Res","2020","2019/09/02","","","10.1007/s40520-019-01321-4"
"35921191","Inpatient virtual shared medical appointments to improve health literacy, increase patient self-efficacy, and reduce provider burnout in acute cerebrovascular pathology patients and their caregivers: a pilot study","Mahajan UV, Sharma N, Maynard M, Kang L, Labak CM, Raghavan A, Sajatovic M, Hoffer A, Shammassian BH, Wright JM, Zhou X, Wright CH.","Neurosurg Focus. 2022 Jun;52(6):E12. doi: 10.3171/2022.4.FOCUS21764.","Mahajan UV","Neurosurg Focus","2022","2022/08/03","","","10.3171/2022.4.FOCUS21764"
"10436093","Stroke patients' informal caregivers. Patient, caregiver, and service factors that affect caregiver strain","Bugge C, Alexander H, Hagen S.","Stroke. 1999 Aug;30(8):1517-23. doi: 10.1161/01.str.30.8.1517.","Bugge C","Stroke","1999","1999/08/06","","","10.1161/01.str.30.8.1517"
"36768126","Contributing Factors to the Burden on Primary Family Caregivers of Stroke Survivors in South Korea","Kwon BM, Lee HH, Sohn MK, Kim DY, Shin YI, Oh GJ, Lee YS, Joo MC, Lee SY, Song MK, Han J, Ahn J, Chang WH, Lee J, Kim YH.","Int J Environ Res Public Health. 2023 Feb 3;20(3):2760. doi: 10.3390/ijerph20032760.","Kwon BM","Int J Environ Res Public Health","2023","2023/02/11","PMC9914967","","10.3390/ijerph20032760"
"23896258","Employment status, social function decline and caregiver burden among stroke survivors. A South Indian study","Sreedharan SE, Unnikrishnan JP, Amal MG, Shibi BS, Sarma S, Sylaja PN.","J Neurol Sci. 2013 Sep 15;332(1-2):97-101. doi: 10.1016/j.jns.2013.06.026. Epub 2013 Jul 26.","Sreedharan SE","J Neurol Sci","2013","2013/07/31","","","10.1016/j.jns.2013.06.026"
"19659814","Caring for stroke survivors: baseline and 1-year determinants of caregiver burden","Rigby H, Gubitz G, Eskes G, Reidy Y, Christian C, Grover V, Phillips S.","Int J Stroke. 2009 Jun;4(3):152-8. doi: 10.1111/j.1747-4949.2009.00287.x.","Rigby H","Int J Stroke","2009","2009/08/08","","","10.1111/j.1747-4949.2009.00287.x"
"35168963","Effect of a tailored multidimensional intervention on the care burden among family caregivers of stroke survivors: a randomised controlled trial","Elsheikh MA, Moriyama M, Rahman MM, Kako M, El-Monshed AH, Zoromba M, Zehry H, Khalil MH, El-Gilany AH, Amr M.","BMJ Open. 2022 Feb 15;12(2):e049741. doi: 10.1136/bmjopen-2021-049741.","Elsheikh MA","BMJ Open","2022","2022/02/16","PMC8852666","","10.1136/bmjopen-2021-049741"
"11802235","The psychosocial burden on spouses of the elderly with stroke, dementia and Parkinson's disease","Thommessen B, Aarsland D, Braekhus A, Oksengaard AR, Engedal K, Laake K.","Int J Geriatr Psychiatry. 2002 Jan;17(1):78-84. doi: 10.1002/gps.524.","Thommessen B","Int J Geriatr Psychiatry","2002","2002/01/22","","","10.1002/gps.524"
"28228451","African American Stroke Survivors: More Caregiving Time, but Less Caregiving Burden","Skolarus LE, Freedman VA, Feng C, Burke JF.","Circ Cardiovasc Qual Outcomes. 2017 Feb;10(2):e003160. doi: 10.1161/CIRCOUTCOMES.116.003160. Epub 2017 Feb 22.","Skolarus LE","Circ Cardiovasc Qual Outcomes","2017","2017/02/24","PMC5325085","NIHMS840979","10.1161/CIRCOUTCOMES.116.003160"
"16151029","Determinants of caregiving burden and quality of life in caregivers of stroke patients","McCullagh E, Brigstocke G, Donaldson N, Kalra L.","Stroke. 2005 Oct;36(10):2181-6. doi: 10.1161/01.STR.0000181755.23914.53. Epub 2005 Sep 8.","McCullagh E","Stroke","2005","2005/09/10","","","10.1161/01.STR.0000181755.23914.53"
"29153121","Economic Burden of Informal Caregiving Associated With History of Stroke and Falls Among Older Adults in the U.S","Joo H, Wang G, Yee SL, Zhang P, Sleet D.","Am J Prev Med. 2017 Dec;53(6S2):S197-S204. doi: 10.1016/j.amepre.2017.07.020.","Joo H","Am J Prev Med","2017","2017/11/21","PMC5819006","NIHMS939653","10.1016/j.amepre.2017.07.020"
"29947500","Assessing Caregiver Burden and Relationship between Caregiver Burden and Basic Activities of Daily Living in Stroke Patients with Spasticity","Khanittanuphong P, Leelasamran W.","J Med Assoc Thai. 2016 Aug;99(8):926-32.","Khanittanuphong P","J Med Assoc Thai","2016","2018/06/28","","",""
"20075357","Caregiving strain and estimated risk for stroke and coronary heart disease among spouse caregivers: differential effects by race and sex","Haley WE, Roth DL, Howard G, Safford MM.","Stroke. 2010 Feb;41(2):331-6. doi: 10.1161/STROKEAHA.109.568279. Epub 2010 Jan 14.","Haley WE","Stroke","2010","2010/01/16","PMC2818824","NIHMS167012","10.1161/STROKEAHA.109.568279"
"23127344","Factors associated with strain in informal caregivers of stroke patients","Hung JW, Huang YC, Chen JH, Liao LN, Lin CJ, Chuo CY, Chang KC.","Chang Gung Med J. 2012 Sep-Oct;35(5):392-401. doi: 10.4103/2319-4170.105479.","Hung JW","Chang Gung Med J","2012","2012/11/07","","","10.4103/2319-4170.105479"
"18981274","Declining patient functioning and caregiver burden/health: the Minnesota stroke survey--quality of life after stroke study","Nelson MM, Smith MA, Martinson BC, Kind A, Luepker RV.","Gerontologist. 2008 Oct;48(5):573-83. doi: 10.1093/geront/48.5.573.","Nelson MM","Gerontologist","2008","2008/11/05","PMC2586339","NIHMS75106","10.1093/geront/48.5.573"
"25395945","Caregiving burden and its determinants in Polish caregivers of stroke survivors","Jaracz K, Grabowska-Fudala B, Górna K, Kozubski W.","Arch Med Sci. 2014 Oct 27;10(5):941-50. doi: 10.5114/aoms.2014.46214. Epub 2014 Oct 23.","Jaracz K","Arch Med Sci","2014","2014/11/15","PMC4223139","","10.5114/aoms.2014.46214"
"28095755","Changes in caregiver burden among informal caregivers of stroke patients in Mongolia","Chuluunbaatar E, Pu C, Chou YJ.","Top Stroke Rehabil. 2017 May;24(4):314-321. doi: 10.1080/10749357.2016.1277479. Epub 2017 Jan 18.","Chuluunbaatar E","Top Stroke Rehabil","2017","2017/01/19","","","10.1080/10749357.2016.1277479"
"36911438","Caregiver Burden in Caregivers of Stroke Survivors: A Hospital-Based Study","Kumar A, Yadav AK, Singh VK, Pathak A, Chaurasia RN, Mishra VN, Joshi D.","Ann Indian Acad Neurol. 2022 Nov-Dec;25(6):1092-1098. doi: 10.4103/aian.aian_318_22. Epub 2022 Nov 21.","Kumar A","Ann Indian Acad Neurol","2022","2023/03/13","PMC9996526","","10.4103/aian.aian_318_22"
"27794136","Economic burden of informal care attributable to stroke among those aged 65 years or older in China","Joo H, Liang D.","Int J Stroke. 2017 Feb;12(2):205-207. doi: 10.1177/1747493016675501. Epub 2016 Oct 28.","Joo H","Int J Stroke","2017","2016/10/30","","","10.1177/1747493016675501"
"33799335","A Validation Study of the Revised Caregiving Burden Instrument in Korean Family Caregivers of Stroke Survivors","Kim SS, Roh YS.","Int J Environ Res Public Health. 2021 Mar 14;18(6):2960. doi: 10.3390/ijerph18062960.","Kim SS","Int J Environ Res Public Health","2021","2021/04/03","PMC7998833","","10.3390/ijerph18062960"
"26647490","Aggressive surgical interventions for severe stroke: Impact on quality of life, caregiver burden and family outcomes","Green T, Demchuk A, Newcommon N.","Can J Neurosci Nurs. 2015;37(2):15-25.","Green T","Can J Neurosci Nurs","2015","2015/12/10","","",""
"19583055","Comparing perceived burden for Korean and American informal caregivers of stroke survivors","Choi-Kwon S, Mitchell PH, Veith R, Teri L, Buzaitis A, Cain KC, Becker KJ, Tirschwell D, Fruin M, Choi J, Kim JS.","Rehabil Nurs. 2009 Jul-Aug;34(4):141-50. doi: 10.1002/j.2048-7940.2009.tb00270.x.","Choi-Kwon S","Rehabil Nurs","2009","2009/07/09","PMC2821598","NIHMS172984","10.1002/j.2048-7940.2009.tb00270.x"
"31664985","Supporting carers of stroke survivors to reduce carer burden: development of the Preparing is Caring intervention using Intervention Mapping","Hall JF, Crocker TF, Clarke DJ, Forster A.","BMC Public Health. 2019 Oct 29;19(1):1408. doi: 10.1186/s12889-019-7615-2.","Hall JF","BMC Public Health","2019","2019/10/31","PMC6819539","","10.1186/s12889-019-7615-2"
"35402046","Perceived Caregiver Strain, 3- and 18-Month Poststroke, in a Cohort of Caregivers from the Life after Stroke Trial (LAST)","Langhammer B, Ihle Hansen H, Indredavik B, Askim T.","Nurs Res Pract. 2022 Mar 31;2022:2619893. doi: 10.1155/2022/2619893. eCollection 2022.","Langhammer B","Nurs Res Pract","2022","2022/04/11","PMC8991404","","10.1155/2022/2619893"
"36189374","The Burden and Quality of life of Caregivers of Stroke Survivors with Cognitive Impairment in Selected Healthcare Facilities in Anambra State, Nigeria","Okonkwo UP, Agbo CF, Ibeneme SC, Igwe ES, Akosile CO, Onwuakagba IU, Emmanuel OC, Maduagwu SM, Ezenwankwo EF, Ekechukwu EN.","Gerontol Geriatr Med. 2022 Sep 27;8:23337214221126329. doi: 10.1177/23337214221126329. eCollection 2022 Jan-Dec.","Okonkwo UP","Gerontol Geriatr Med","2022","2022/10/03","PMC9520178","","10.1177/23337214221126329"
"15122413","[Living the burden in becoming a family caregiver for a cerebrovascular accident survivor: knowledge analysis]","Bocchi SC.","Rev Lat Am Enfermagem. 2004 Jan-Feb;12(1):115-21. doi: 10.1590/s0104-11692004000100016. Epub 2004 Apr 27.","Bocchi SC","Rev Lat Am Enfermagem","2004","2004/05/04","","","10.1590/s0104-11692004000100016"
"30418319","Design and Usability Testing of the Stroke Caregiver Support System: A Mobile-Friendly Website to Reduce Stroke Caregiver Burden","Caunca MR, Simonetto M, Hartley G, Wright CB, Czaja SJ.","Rehabil Nurs. 2020 May/Jun;45(3):166-177. doi: 10.1097/RNJ.0000000000000196.","Caunca MR","Rehabil Nurs","2020","2018/11/13","PMC6506410","NIHMS1500782","10.1097/RNJ.0000000000000196"
"34886031","Examining the Influence of Social Interactions and Community Resources on Caregivers' Burden in Stroke Settings: A Prospective Cohort Study","Koh YS, Koh GC, Matchar DB, Hong SI, Tai BC.","Int J Environ Res Public Health. 2021 Nov 23;18(23):12310. doi: 10.3390/ijerph182312310.","Koh YS","Int J Environ Res Public Health","2021","2021/12/10","PMC8656532","","10.3390/ijerph182312310"
"20947851","Burden among stroke caregivers: results of a community-based study from Kolkata, India","Das S, Hazra A, Ray BK, Ghosal M, Banerjee TK, Roy T, Chaudhuri A, Raut DK, Das SK.","Stroke. 2010 Dec;41(12):2965-8. doi: 10.1161/STROKEAHA.110.589598. Epub 2010 Oct 14.","Das S","Stroke","2010","2010/10/16","","","10.1161/STROKEAHA.110.589598"
"7740578","A population-based assessment of the impact and burden of caregiving for long-term stroke survivors","Anderson CS, Linto J, Stewart-Wynne EG.","Stroke. 1995 May;26(5):843-9. doi: 10.1161/01.str.26.5.843.","Anderson CS","Stroke","1995","1995/05/01","","","10.1161/01.str.26.5.843"
"22200567","Relationship between disability and health-related quality of life and caregiver burden in patients with upper limb poststroke spasticity","Doan QV, Brashear A, Gillard PJ, Varon SF, Vandenburgh AM, Turkel CC, Elovic EP.","PM R. 2012 Jan;4(1):4-10. doi: 10.1016/j.pmrj.2011.10.001. Epub 2011 Dec 24.","Doan QV","PM R","2012","2011/12/28","","","10.1016/j.pmrj.2011.10.001"
"25952926","Burden in caregivers of long-term stroke survivors: Prevalence and determinants at 6 months and 5 years after stroke","Jaracz K, Grabowska-Fudala B, Górna K, Jaracz J, Moczko J, Kozubski W.","Patient Educ Couns. 2015 Aug;98(8):1011-6. doi: 10.1016/j.pec.2015.04.008. Epub 2015 Apr 24.","Jaracz K","Patient Educ Couns","2015","2015/05/09","","","10.1016/j.pec.2015.04.008"
"16263639","Caregiver burden, time spent caring and health status in the first 12 months following stroke","Tooth L, McKenna K, Barnett A, Prescott C, Murphy S.","Brain Inj. 2005 Nov;19(12):963-74. doi: 10.1080/02699050500110785.","Tooth L","Brain Inj","2005","2005/11/03","","","10.1080/02699050500110785"
"28196939","Roles of Changing Physical Function and Caregiver Burden on Quality of Life in Stroke: A Longitudinal Dyadic Analysis","Pucciarelli G, Vellone E, Savini S, Simeone S, Ausili D, Alvaro R, Lee CS, Lyons KS.","Stroke. 2017 Mar;48(3):733-739. doi: 10.1161/STROKEAHA.116.014989. Epub 2017 Feb 14.","Pucciarelli G","Stroke","2017","2017/02/16","","","10.1161/STROKEAHA.116.014989"
"21223594","Combined life satisfaction of persons with stroke and their caregivers: associations with caregiver burden and the impact of stroke","Bergström AL, Eriksson G, von Koch L, Tham K.","Health Qual Life Outcomes. 2011 Jan 11;9:1. doi: 10.1186/1477-7525-9-1.","Bergström AL","Health Qual Life Outcomes","2011","2011/01/13","PMC3024212","","10.1186/1477-7525-9-1"
"26609225","Caregiver burden, productivity loss, and indirect costs associated with caring for patients with poststroke spasticity","Ganapathy V, Graham GD, DiBonaventura MD, Gillard PJ, Goren A, Zorowitz RD.","Clin Interv Aging. 2015 Nov 6;10:1793-802. doi: 10.2147/CIA.S91123. eCollection 2015.","Ganapathy V","Clin Interv Aging","2015","2015/11/27","PMC4644168","","10.2147/CIA.S91123"
"28469116","Burden of informal caregivers of stroke survivors: Validation of the Zarit burden interview in an African population","Imarhiagbe FA, Asemota AU, Oripelaye BA, Akpekpe JE, Owolabi AA, Abidakun AO, Akemokwe FM, Ogundare VO, Azeez AL, Osakue JO.","Ann Afr Med. 2017 Apr-Jun;16(2):46-51. doi: 10.4103/aam.aam_213_16.","Imarhiagbe FA","Ann Afr Med","2017","2017/05/05","PMC5452708","","10.4103/aam.aam_213_16"
"27103190","Caregiver burden and emotional problems in partners of stroke patients at two months and one year post-stroke: Determinants and prediction","Kruithof WJ, Post MW, van Mierlo ML, van den Bos GA, de Man-van Ginkel JM, Visser-Meily JM.","Patient Educ Couns. 2016 Oct;99(10):1632-40. doi: 10.1016/j.pec.2016.04.007. Epub 2016 Apr 11.","Kruithof WJ","Patient Educ Couns","2016","2016/04/23","","","10.1016/j.pec.2016.04.007"
"25257153","Effects of rehabilitation services on anxiety, depression, care-giving burden and perceived social support of stroke caregivers","Karahan AY, Kucuksen S, Yilmaz H, Salli A, Gungor T, Sahin M.","Acta Medica (Hradec Kralove). 2014;57(2):68-72. doi: 10.14712/18059694.2014.42.","Karahan AY","Acta Medica (Hradec Kralove)","2014","2014/09/27","","","10.14712/18059694.2014.42"
"9707201","The burden of caregiving in partners of long-term stroke survivors","Scholte op Reimer WJ, de Haan RJ, Rijnders PT, Limburg M, van den Bos GA.","Stroke. 1998 Aug;29(8):1605-11. doi: 10.1161/01.str.29.8.1605.","Scholte op Reimer WJ","Stroke","1998","1998/08/26","","","10.1161/01.str.29.8.1605"
"31859033","A Retrospective Study to Identify Novel Factors Associated with Post-stroke Anxiety","Sanner Beauchamp JE, Casameni Montiel T, Cai C, Tallavajhula S, Hinojosa E, Okpala MN, Vahidy FS, Savitz SI, Sharrief AZ.","J Stroke Cerebrovasc Dis. 2020 Feb;29(2):104582. doi: 10.1016/j.jstrokecerebrovasdis.2019.104582. Epub 2019 Dec 16.","Sanner Beauchamp JE","J Stroke Cerebrovasc Dis","2020","2019/12/21","","","10.1016/j.jstrokecerebrovasdis.2019.104582"
"31200080","Impact of visuospatial neglect post-stroke on daily activities, participation and informal caregiver burden: A systematic review","Bosma MS, Nijboer TCW, Caljouw MAA, Achterberg WP.","Ann Phys Rehabil Med. 2020 Jul;63(4):344-358. doi: 10.1016/j.rehab.2019.05.006. Epub 2019 Jun 11.","Bosma MS","Ann Phys Rehabil Med","2020","2019/06/15","","","10.1016/j.rehab.2019.05.006"
"17630487","Changes in participation level after spouse's first stroke and relationship to burden and depressive symptoms","Rochette A, Desrosiers J, Bravo G, Tribble DS, Bourget A.","Cerebrovasc Dis. 2007;24(2-3):255-60. doi: 10.1159/000104487. Epub 2007 Jun 28.","Rochette A","Cerebrovasc Dis","2007","2007/07/17","","","10.1159/000104487"
"32602588","Nursing Home Care Intervention Post Stroke (SHARE) 1 year effect on the burden of family caregivers for older adults in Brazil: A randomized controlled trial","Day CB, Bierhals CCBK, Mocellin D, Predebon ML, Santos NO, Dal Pizzol FLF, Fuhrmann AC, Aires M, Paskulin LMG.","Health Soc Care Community. 2021 Jan;29(1):56-65. doi: 10.1111/hsc.13068. Epub 2020 Jun 30.","Day CB","Health Soc Care Community","2021","2020/07/01","","","10.1111/hsc.13068"
"20461331","Factor analysis and Rasch analysis of the Zarit Burden Interview for acquired brain injury carer research","Siegert RJ, Jackson DM, Tennant A, Turner-Stokes L.","J Rehabil Med. 2010 Apr;42(4):302-9. doi: 10.2340/16501977-0511.","Siegert RJ","J Rehabil Med","2010","2010/05/13","","","10.2340/16501977-0511"
"12615568","Caregiver burden and health-related quality of life among Japanese stroke caregivers","Morimoto T, Schreiner AS, Asano H.","Age Ageing. 2003 Mar;32(2):218-23. doi: 10.1093/ageing/32.2.218.","Morimoto T","Age Ageing","2003","2003/03/05","","","10.1093/ageing/32.2.218"
"25803375","Level of Caregiver Burden in Jamaican Stroke Caregivers and Relationship between Selected Sociodemographic Variables","Roopchand-Martin S, Creary-Yan S.","West Indian Med J. 2014 Jul 3;63(6):605-9. doi: 10.7727/wimj.2013.060. Epub 2014 Jun 11.","Roopchand-Martin S","West Indian Med J","2014","2015/03/25","PMC4663964","","10.7727/wimj.2013.060"
"29236217","The association between medical diagnosis and caregiver burden: a cross-sectional study of recipients of informal support and caregivers from the general population study 'Good Aging in Skåne', Sweden","Elmståhl S, Dahlrup B, Ekström H, Nordell E.","Aging Clin Exp Res. 2018 Sep;30(9):1023-1032. doi: 10.1007/s40520-017-0870-0. Epub 2017 Dec 13.","Elmståhl S","Aging Clin Exp Res","2018","2017/12/14","PMC6096871","","10.1007/s40520-017-0870-0"
"33323445","Effect of a tailored multidimensional intervention on the care burden among family caregivers of stroke survivors: study protocol for a randomised controlled trial","Elsheikh MA, Moriyama M, Rahman MM, Kako M, El-Monshed AH, Zoromba M, Zehry H, Khalil MH, Amr M.","BMJ Open. 2020 Dec 15;10(12):e041637. doi: 10.1136/bmjopen-2020-041637.","Elsheikh MA","BMJ Open","2020","2020/12/16","PMC7745514","","10.1136/bmjopen-2020-041637"
"11564227","Well-being, sense of coherence, and burnout in stroke victims and spouses during the first few months after stroke","Nilsson I, Axelsson K, Gustafson Y, Lundman B, Norberg A.","Scand J Caring Sci. 2001;15(3):203-14. doi: 10.1046/j.1471-6712.2001.00008.x.","Nilsson I","Scand J Caring Sci","2001","2001/09/21","","","10.1046/j.1471-6712.2001.00008.x"
"25652441","Measuring negative and positive caregiving experiences: a psychometric analysis of the Caregiver Strain Index Expanded","Kruithof WJ, Post MW, Visser-Meily JM.","Clin Rehabil. 2015 Dec;29(12):1224-33. doi: 10.1177/0269215515570378. Epub 2015 Feb 4.","Kruithof WJ","Clin Rehabil","2015","2015/02/06","","","10.1177/0269215515570378"
"20496974","The balance of give and take in caregiver-partner relationships: An examination of self-perceived burden, relationship equity, and quality of life from the perspective of care recipients following stroke","McPherson CJ, Wilson KG, Chyurlia L, Leclerc C.","Rehabil Psychol. 2010 May;55(2):194-203. doi: 10.1037/a0019359.","McPherson CJ","Rehabil Psychol","2010","2010/05/26","","","10.1037/a0019359"
"36514006","Burdens on caregivers of patients with stroke during a pandemic: relationships with support satisfaction, psychological distress, and fear of COVID-19","Liu CH, Chen YJ, Chen JS, Fan CW, Hsieh MT, Lin CY, Pakpour AH.","BMC Geriatr. 2022 Dec 13;22(1):958. doi: 10.1186/s12877-022-03675-3.","Liu CH","BMC Geriatr","2022","2022/12/13","PMC9745281","","10.1186/s12877-022-03675-3"
"30203546","Effect of progressive muscle relaxation on the caregiver burden and level of depression among caregivers of older patients with a stroke: A randomized controlled trial","Yilmaz CK, Aşiret GD, Çetinkaya F, OludaĞ G, Kapucu S.","Jpn J Nurs Sci. 2019 Apr;16(2):202-211. doi: 10.1111/jjns.12234. Epub 2018 Sep 11.","Yilmaz CK","Jpn J Nurs Sci","2019","2018/09/12","","","10.1111/jjns.12234"
"29700840","Quality of life, anxiety, depression and burden among stroke caregivers: A longitudinal, observational multicentre study","Pucciarelli G, Ausili D, Galbussera AA, Rebora P, Savini S, Simeone S, Alvaro R, Vellone E.","J Adv Nurs. 2018 Apr 27. doi: 10.1111/jan.13695. Online ahead of print.","Pucciarelli G","J Adv Nurs","2018","2018/04/28","","","10.1111/jan.13695"
"15449368","The sense of coherence, burden, and depressive symptoms in informal caregivers during the first month after stroke","Chumbler NR, Rittman M, Van Puymbroeck M, Vogel WB, Qin H.","Int J Geriatr Psychiatry. 2004 Oct;19(10):944-53. doi: 10.1002/gps.1187.","Chumbler NR","Int J Geriatr Psychiatry","2004","2004/09/28","","","10.1002/gps.1187"
"17984156","Reproducibility of the Caregiver Strain Index and the Caregiver Reaction Assessment in partners of stroke patients living in the Dutch community","Post MW, Festen H, van de Port IG, Visser-Meily JM.","Clin Rehabil. 2007 Nov;21(11):1050-5. doi: 10.1177/0269215507079140.","Post MW","Clin Rehabil","2007","2007/11/07","","","10.1177/0269215507079140"
"8607743","Caregiver's burden of patients 3 years after stroke assessed by a novel caregiver burden scale","Elmståhl S, Malmberg B, Annerstedt L.","Arch Phys Med Rehabil. 1996 Feb;77(2):177-82. doi: 10.1016/s0003-9993(96)90164-1.","Elmståhl S","Arch Phys Med Rehabil","1996","1996/02/01","","","10.1016/s0003-9993(96)90164-1"
"22103934","'It burdens me': the impact of stroke in central Aceh, Indonesia","Norris M, Allotey P, Barrett G.","Sociol Health Illn. 2012 Jul;34(6):826-40. doi: 10.1111/j.1467-9566.2011.01431.x. Epub 2011 Nov 21.","Norris M","Sociol Health Illn","2012","2011/11/23","","","10.1111/j.1467-9566.2011.01431.x"
"9472877","Assessment of burden in partners of stroke patients with the sense of competence questionnaire","Scholte op Reimer WJ, de Haan RJ, Pijnenborg JM, Limburg M, van den Bos GA.","Stroke. 1998 Feb;29(2):373-9. doi: 10.1161/01.str.29.2.373.","Scholte op Reimer WJ","Stroke","1998","1998/02/24","","","10.1161/01.str.29.2.373"
"10896696","Impact of botulinum toxin type A on disability and carer burden due to arm spasticity after stroke: a randomised double blind placebo controlled trial","Bhakta BB, Cozens JA, Chamberlain MA, Bamford JM.","J Neurol Neurosurg Psychiatry. 2000 Aug;69(2):217-21. doi: 10.1136/jnnp.69.2.217.","Bhakta BB","J Neurol Neurosurg Psychiatry","2000","2000/07/15","PMC1737061","","10.1136/jnnp.69.2.217"
"19368070","Subjective sleep, burden, depression, and general health among caregivers of veterans poststroke","Rittman M, Hinojosa MS, Findley K.","J Neurosci Nurs. 2009 Feb;41(1):39-52. doi: 10.1097/jnn.0b013e318193459a.","Rittman M","J Neurosci Nurs","2009","2009/04/17","","","10.1097/jnn.0b013e318193459a"
"15053130","Instruments for assessing the burden of informal caregiving for stroke patients in clinical practice: a comparison of CSI, CRA, SCQ and self-rated burden","van Exel NJ, Scholte op Reimer WJ, Brouwer WB, van den Berg B, Koopmanschap MA, van den Bos GA.","Clin Rehabil. 2004 Mar;18(2):203-14. doi: 10.1191/0269215504cr723oa.","van Exel NJ","Clin Rehabil","2004","2004/04/01","","","10.1191/0269215504cr723oa"
"25307788","Use of Zarit Burden Interview in analysis of family caregivers' perception among Taiwanese caring with hospitalized relatives","Yeh PM, Chang Y.","Int J Nurs Pract. 2015 Oct;21(5):622-34. doi: 10.1111/ijn.12333. Epub 2014 Oct 13.","Yeh PM","Int J Nurs Pract","2015","2014/10/14","","","10.1111/ijn.12333"
"15967452","Caregiver's burden, depression and support as predictors of post-stroke depression: a cross-sectional survey","Suh M, Kim K, Kim I, Cho N, Choi H, Noh S.","Int J Nurs Stud. 2005 Aug;42(6):611-8. doi: 10.1016/j.ijnurstu.2004.10.002. Epub 2004 Dec 8.","Suh M","Int J Nurs Stud","2005","2005/06/22","","","10.1016/j.ijnurstu.2004.10.002"
"22949279","Caregivers' incongruence: emotional strain in caring for persons with stroke","Pierce LL, Thompson TL, Govoni AL, Steiner V.","Rehabil Nurs. 2012 Sep-Oct;37(5):258-66. doi: 10.1002/rnj.35. Epub 2012 Jun 18.","Pierce LL","Rehabil Nurs","2012","2012/09/06","PMC3434963","NIHMS358382","10.1002/rnj.35"
"18647731","Influence of sense of coherence on caregiver burden and depressive symptoms at 12 months poststroke","Van Puymbroeck M, Hinojosa MS, Rittman MR.","Top Stroke Rehabil. 2008 May-Jun;15(3):272-82. doi: 10.1310/tsr1503-272.","Van Puymbroeck M","Top Stroke Rehabil","2008","2008/07/24","","","10.1310/tsr1503-272"
"31579140","Predictors of caregiver burden after stroke in Nigeria: Effect on psychosocial well-being","Oni OD, Olagunju AT, Okpataku CI, Erinfolami AR, Adeyemi JD.","Indian J Psychiatry. 2019 Sep-Oct;61(5):457-464. doi: 10.4103/psychiatry.IndianJPsychiatry_395_18.","Oni OD","Indian J Psychiatry","2019","2019/10/04","PMC6767813","","10.4103/psychiatry.IndianJPsychiatry_395_18"
"30773163","Optimizing Participation of Older Adults with Cognitive Deficits Post-stroke: Types of Help and Caregiver Burden","Viscogliosi C, Desrosiers J, Belleville S.","Can J Aging. 2019 Jun;38(2):222-235. doi: 10.1017/S0714980818000521. Epub 2019 Feb 18.","Viscogliosi C","Can J Aging","2019","2019/02/19","","","10.1017/S0714980818000521"
"12735539","Caregiver strain in spouses of stroke patients","Blake H, Lincoln NB, Clarke DD.","Clin Rehabil. 2003 May;17(3):312-7. doi: 10.1191/0269215503cr613oa.","Blake H","Clin Rehabil","2003","2003/05/09","","","10.1191/0269215503cr613oa"
"24503970","Emotional disturbance in CADASIL: its impact on quality of life and caregiver burden","Noh SM, Chung SJ, Kim KK, Kang DW, Lim YM, Kwon SU, Kim JS.","Cerebrovasc Dis. 2014;37(3):188-94. doi: 10.1159/000357798. Epub 2014 Feb 5.","Noh SM","Cerebrovasc Dis","2014","2014/02/08","","","10.1159/000357798"
"24195961","Easing the burden on family caregivers","Brandon IL.","Nurs Manage. 2013 Dec;44(12):20-7; quiz 27-8. doi: 10.1097/01.NUMA.0000437769.63768.ca.","Brandon IL","Nurs Manage","2013","2013/11/08","","","10.1097/01.NUMA.0000437769.63768.ca"
"15895355","Factors affecting the burden on caregivers of stroke survivors in South Korea","Choi-Kwon S, Kim HS, Kwon SU, Kim JS.","Arch Phys Med Rehabil. 2005 May;86(5):1043-8. doi: 10.1016/j.apmr.2004.09.013.","Choi-Kwon S","Arch Phys Med Rehabil","2005","2005/05/17","","","10.1016/j.apmr.2004.09.013"
"23857489","Easing the burden on family caregivers","Brandon IL.","Nursing. 2013 Aug;43(8):36-42. doi: 10.1097/01.NURSE.0000432098.08196.8d.","Brandon IL","Nursing","2013","2013/07/17","","","10.1097/01.NURSE.0000432098.08196.8d"
"15528879","Burden of informal caregiving for stroke patients. Identification of caregivers at risk of adverse health effects","van Exel NJ, Koopmanschap MA, van den Berg B, Brouwer WB, van den Bos GA.","Cerebrovasc Dis. 2005;19(1):11-7. doi: 10.1159/000081906. Epub 2004 Nov 3.","van Exel NJ","Cerebrovasc Dis","2005","2004/11/06","","","10.1159/000081906"
"27301941","Early Supported Discharge by Caregiver-Mediated Exercises and e-Health Support After Stroke: A Proof-of-Concept Trial","van den Berg M, Crotty M Prof, Liu E, Killington M, Kwakkel G Prof, van Wegen E.","Stroke. 2016 Jul;47(7):1885-92. doi: 10.1161/STROKEAHA.116.013431. Epub 2016 Jun 14.","van den Berg M","Stroke","2016","2016/06/16","","","10.1161/STROKEAHA.116.013431"
"25391817","Community re-integration and long-term need in the first five years after stroke: results from a national survey","Walsh ME, Galvin R, Loughnane C, Macey C, Horgan NF.","Disabil Rehabil. 2015;37(20):1834-8. doi: 10.3109/09638288.2014.981302.","Walsh ME","Disabil Rehabil","2015","2014/11/14","","","10.3109/09638288.2014.981302"
"7875917","Personality traits as determinants of burden and health complaints in caregiving","Reis MF, Gold DP, Andres D, Markiewicz D, Gauthier S.","Int J Aging Hum Dev. 1994;39(3):257-71. doi: 10.2190/6LYN-YFWQ-P87D-MKWX.","Reis MF","Int J Aging Hum Dev","1994","1994/01/01","","","10.2190/6LYN-YFWQ-P87D-MKWX"
"16938788","Conceptualization and psychometric properties of the Caregiver Burden Scale in Taiwan","Kao HF, Acton GJ.","Issues Ment Health Nurs. 2006 Oct;27(8):853-66. doi: 10.1080/01612840600840802.","Kao HF","Issues Ment Health Nurs","2006","2006/08/30","","","10.1080/01612840600840802"
"29132222","Abandoned to the strains of daily life: a qualitative study of the long-term experiences in partners to persons after a mild to moderate stroke","Ytterberg C, von Koch L, Erikson A.","Disabil Rehabil. 2019 Mar;41(6):649-655. doi: 10.1080/09638288.2017.1401674. Epub 2017 Nov 13.","Ytterberg C","Disabil Rehabil","2019","2017/11/15","","","10.1080/09638288.2017.1401674"
"30936715","The effect of patient care education on burden of care and the quality of life of caregivers of stroke patients","Hekmatpou D, Mohammad Baghban E, Mardanian Dehkordi L.","J Multidiscip Healthc. 2019 Mar 20;12:211-217. doi: 10.2147/JMDH.S196903. eCollection 2019.","Hekmatpou D","J Multidiscip Healthc","2019","2019/04/03","PMC6430991","","10.2147/JMDH.S196903"
"15042638","The role of caregiver gender and caregiver burden in nursing home placements for elderly Taiwanese survivors of stroke","Kao HF, McHugh ML.","Res Nurs Health. 2004 Apr;27(2):121-34. doi: 10.1002/nur.20007.","Kao HF","Res Nurs Health","2004","2004/03/26","","","10.1002/nur.20007"
"31677962","Cerebral Small Vessel Disease Burden and All-Cause Mortality: Mayo Clinic Florida Familial Cerebrovascular Diseases Registry","Goldstein ED, Badi MK, Hasan TF, Lesser ER, Hodge DO, Lin MP, Meschia JF.","J Stroke Cerebrovasc Dis. 2019 Dec;28(12):104285. doi: 10.1016/j.jstrokecerebrovasdis.2019.07.001. Epub 2019 Oct 31.","Goldstein ED","J Stroke Cerebrovasc Dis","2019","2019/11/04","","","10.1016/j.jstrokecerebrovasdis.2019.07.001"
"11911929","[Relationship between burden of care at home and functional independence level after stroke]","Calmels P, Ebermeyer E, Bethoux F, Gonard C, Fayolle-Minon I.","Ann Readapt Med Phys. 2002 Mar;45(3):105-13. doi: 10.1016/s0168-6054(02)00185-x.","Calmels P","Ann Readapt Med Phys","2002","2002/03/26","","","10.1016/s0168-6054(02)00185-x"
"11777097","Risk factors for burn-out in caregivers of stroke patients, and possibilities for intervention","van den Heuvel ET, de Witte LP, Schure LM, Sanderman R, Meyboom-de Jong B.","Clin Rehabil. 2001 Dec;15(6):669-77. doi: 10.1191/0269215501cr446oa.","van den Heuvel ET","Clin Rehabil","2001","2002/01/05","","","10.1191/0269215501cr446oa"
"33858400","The effect of a supportive home care program on caregiver burden with stroke patients in Iran: an experimental study","Ashghali Farahani M, Najafi Ghezeljeh T, Haghani S, Alazmani-Noodeh F.","BMC Health Serv Res. 2021 Apr 15;21(1):346. doi: 10.1186/s12913-021-06340-4.","Ashghali Farahani M","BMC Health Serv Res","2021","2021/04/16","PMC8048267","","10.1186/s12913-021-06340-4"
"29699521","Mediating effects of burden on quality of life for caregivers of first-time stroke patients discharged from the hospital within one year","Tsai YH, Lou MF, Feng TH, Chu TL, Chen YJ, Liu HE.","BMC Neurol. 2018 Apr 25;18(1):50. doi: 10.1186/s12883-018-1057-9.","Tsai YH","BMC Neurol","2018","2018/04/28","PMC5921300","","10.1186/s12883-018-1057-9"
"16919162","Validation of the Burden Index of Caregivers (BIC), a multidimensional short care burden scale from Japan","Miyashita M, Yamaguchi A, Kayama M, Narita Y, Kawada N, Akiyama M, Hagiwara A, Suzukamo Y, Fukuhara S.","Health Qual Life Outcomes. 2006 Aug 18;4:52. doi: 10.1186/1477-7525-4-52.","Miyashita M","Health Qual Life Outcomes","2006","2006/08/22","PMC1563455","","10.1186/1477-7525-4-52"
"32861040","Long-term follow-up of patients undergoing decompressive hemicraniectomy for malignant stroke: Quality of life and caregiver's burden in a real-world setting","Hamamoto Filho PT, Gonçalves LB, Koetz NF, Silvestrin AML, Alves Júnior AC, Rocha LA, Módolo GP, de Avila MAG, Martin LC, Neugebauer H, Zanini MA, Bazan R.","Clin Neurol Neurosurg. 2020 Oct;197:106168. doi: 10.1016/j.clineuro.2020.106168. Epub 2020 Aug 21.","Hamamoto Filho PT","Clin Neurol Neurosurg","2020","2020/08/30","","","10.1016/j.clineuro.2020.106168"
"22789119","[Caring for a stroke victim: the emotional reactions of male and female caregivers]","Bucki B, Spitz E, Baumann M.","Sante Publique. 2012 Mar-Apr;24(2):143-56.","Bucki B","Sante Publique","2012","2012/07/14","","",""
"31660183","Caring for a stroke patient: The burden and experiences of primary caregivers in Uganda - A qualitative study","Gertrude N, Kawuma R, Nalukenge W, Kamacooko O, Yperzeele L, Cras P, Ddumba E, Newton R, Seeley J.","Nurs Open. 2019 Aug 4;6(4):1551-1558. doi: 10.1002/nop2.356. eCollection 2019 Oct.","Gertrude N","Nurs Open","2019","2019/10/30","PMC6805272","","10.1002/nop2.356"
"33511498","The validity of proxy responses on patient-reported outcome measures: Are proxies a reliable alternative to stroke patients' self-report?","Lapin BR, Thompson NR, Schuster A, Honomichl R, Katzan IL.","Qual Life Res. 2021 Jun;30(6):1735-1745. doi: 10.1007/s11136-021-02758-9. Epub 2021 Jan 28.","Lapin BR","Qual Life Res","2021","2021/01/29","","","10.1007/s11136-021-02758-9"
"27941412","Examining Associations of Functional Deficits and Mood States With Empathic Responses of Stroke Family Caregivers","Jin C, Lobchuk M, Chernomas W, Pooyania S.","J Neurosci Nurs. 2017 Feb;49(1):12-14. doi: 10.1097/JNN.0000000000000250.","Jin C","J Neurosci Nurs","2017","2016/12/13","","","10.1097/JNN.0000000000000250"
"30526438","Effects on urinary outcome of patients and caregivers' burden of pelvic floor muscle exercises based on the health belief model done at home by post-stroke patients","Arkan G, Beser A, Ozturk V, Bozkurt O, Gulbahar S.","Top Stroke Rehabil. 2019 Mar;26(2):128-135. doi: 10.1080/10749357.2018.1552741. Epub 2018 Dec 11.","Arkan G","Top Stroke Rehabil","2019","2018/12/12","","","10.1080/10749357.2018.1552741"
"22188855","Psychosocial problems, quality of life, and caregiver burden among stroke caregivers in India","Raju RS, Kaur P, Pandian JD.","Int J Stroke. 2012 Jan;7(1):100-1. doi: 10.1111/j.1747-4949.2011.00721.x.","Raju RS","Int J Stroke","2012","2011/12/23","","","10.1111/j.1747-4949.2011.00721.x"
"8940835","[Caregiver burden and subjective health level in primary caregivers of stroke patients]","Usuda S, Mogi S, Tomita A, Suzuki S.","Nihon Koshu Eisei Zasshi. 1996 Sep;43(9):854-63.","Usuda S","Nihon Koshu Eisei Zasshi","1996","1996/09/01","","",""
"23869506","Clinical indicators of 'caregiver role strain' in caregivers of stroke patients","Oliveira AR, Rodrigues RC, de Sousa VE, Costa AG, Lopes MV, de Araujo TL.","Contemp Nurse. 2013 Jun;44(2):215-24. doi: 10.5172/conu.2013.44.2.215.","Oliveira AR","Contemp Nurse","2013","2013/07/23","","","10.5172/conu.2013.44.2.215"
"26123859","The modifying role of caregiver burden on predictors of quality of life of caregivers of hospitalized chronic stroke patients","Jeong YG, Myong JP, Koo JW.","Disabil Health J. 2015 Oct;8(4):619-25. doi: 10.1016/j.dhjo.2015.05.005. Epub 2015 May 29.","Jeong YG","Disabil Health J","2015","2015/07/01","","","10.1016/j.dhjo.2015.05.005"
"12491174","[The emotional burden in caregiving relatives of stroke patients]","Kitze K, von Cramon DY, Wilz G.","Rehabilitation (Stuttg). 2002 Dec;41(6):401-6. doi: 10.1055/s-2002-36283.","Kitze K","Rehabilitation (Stuttg)","2002","2002/12/20","","","10.1055/s-2002-36283"
"32055120","Burden Faced by Caregivers of Stroke Patients Who Attend Rural-based Medical Teaching Hospital in Western India","Mandowara B, Patel AN, Amin AA, Phatak A, Desai S.","Ann Indian Acad Neurol. 2020 Jan-Feb;23(1):38-43. doi: 10.4103/aian.AIAN_406_18.","Mandowara B","Ann Indian Acad Neurol","2020","2020/02/15","PMC7001428","","10.4103/aian.AIAN_406_18"
"17804936","[The effects of a support group intervention on the burden of primary family caregivers of stroke patients]","Yoo EK, Jeon S, Yang JE.","Taehan Kanho Hakhoe Chi. 2007 Aug;37(5):693-702. doi: 10.4040/jkan.2007.37.5.693.","Yoo EK","Taehan Kanho Hakhoe Chi","2007","2007/09/07","","","10.4040/jkan.2007.37.5.693"
"35720087","""I Give It Everything for an Hour Then I Sleep for Four."" The Experience of Post-stroke Fatigue During Outpatient Rehabilitation Including the Perspectives of Carers: A Qualitative Study","Bicknell ED, Said CM, Haines KJ, Kuys S.","Front Neurol. 2022 Jun 2;13:900198. doi: 10.3389/fneur.2022.900198. eCollection 2022.","Bicknell ED","Front Neurol","2022","2022/06/20","PMC9201517","","10.3389/fneur.2022.900198"
"24033650","Using computers to enable self-management of aphasia therapy exercises for word finding: the patient and carer perspective","Palmer R, Enderby P, Paterson G.","Int J Lang Commun Disord. 2013 Sep-Oct;48(5):508-21. doi: 10.1111/1460-6984.12024. Epub 2013 Jun 18.","Palmer R","Int J Lang Commun Disord","2013","2013/09/17","","","10.1111/1460-6984.12024"
"17225034","Can rehabilitation in the home setting reduce the burden of care for the next-of-kin of stroke victims?","Björkdahl A, Nilsson AL, Sunnerhagen KS.","J Rehabil Med. 2007 Jan;39(1):27-32. doi: 10.2340/16501977-0001.","Björkdahl A","J Rehabil Med","2007","2007/01/17","","","10.2340/16501977-0001"
"23515819","[Burden on caregivers of elderly victims of cerebrovascular accident]","Pereira RA, dos Santos EB, Fhon JR, Marques S, Rodrigues RA.","Rev Esc Enferm USP. 2013 Feb;47(1):185-92. doi: 10.1590/s0080-62342013000100023.","Pereira RA","Rev Esc Enferm USP","2013","2013/03/22","","","10.1590/s0080-62342013000100023"
"32358321","Design and Usability Testing of the Stroke Caregiver Support System: A Mobile-Friendly Website to Reduce Stroke Caregiver Burden","","Rehabil Nurs. 2020 May/Jun;45(3):E10. doi: 10.1097/RNJ.0000000000000268.","","Rehabil Nurs","2020","2020/05/03","","","10.1097/RNJ.0000000000000268"
"19519873","Effectiveness of Supportive Educative Learning programme on the level of strain experienced by caregivers of stroke patients in Thailand","Oupra R, Griffiths R, Pryor J, Mott S.","Health Soc Care Community. 2010 Jan;18(1):10-20. doi: 10.1111/j.1365-2524.2009.00865.x. Epub 2009 Jun 10.","Oupra R","Health Soc Care Community","2010","2009/06/13","","","10.1111/j.1365-2524.2009.00865.x"
"10868726","Factors associated with strain in co-resident spouses of patients following stroke","Blake H, Lincoln NB.","Clin Rehabil. 2000 Jun;14(3):307-14. doi: 10.1191/026921500667530134.","Blake H","Clin Rehabil","2000","2000/06/27","","","10.1191/026921500667530134"
"23035881","Decompressive hemicraniectomy following malignant middle cerebral artery infarctions: a mixed methods exploration of carer experience and level of burden","McKenna A, Wilson FC, Caldwell S, Curran D, Nagaria J, Convery F, Storey L.","Disabil Rehabil. 2013 Jun;35(12):995-1005. doi: 10.3109/09638288.2012.717576. Epub 2012 Oct 5.","McKenna A","Disabil Rehabil","2013","2012/10/06","","","10.3109/09638288.2012.717576"
"28730068","Stroke survivors' levels of community reintegration, quality of life, satisfaction with the physiotherapy services and the level of caregiver strain at community health centres within the Johannesburg area","Kusambiza-Kiingi A, Maleka D, Ntsiea V.","Afr J Disabil. 2017 Mar 30;6:296. doi: 10.4102/ajod.v6i0.296. eCollection 2017.","Kusambiza-Kiingi A","Afr J Disabil","2017","2017/07/22","PMC5502467","","10.4102/ajod.v6i0.296"
"22566724","Factors affecting burden on caregivers of stroke survivors: Population-based study in Mumbai (India)","Bhattacharjee M, Vairale J, Gawali K, Dalal PM.","Ann Indian Acad Neurol. 2012 Apr;15(2):113-9. doi: 10.4103/0972-2327.94994.","Bhattacharjee M","Ann Indian Acad Neurol","2012","2012/05/09","PMC3345587","","10.4103/0972-2327.94994"
"24556657","Impact of a training program for caregivers of neurological patients on depression, prostration, and subjective burden","Hirsch O, Leyh J, Karch C, Ferlings R, Schäfer D.","J Neurosci Nurs. 2014 Apr;46(2):97-105. doi: 10.1097/JNN.0000000000000036.","Hirsch O","J Neurosci Nurs","2014","2014/02/22","","","10.1097/JNN.0000000000000036"
"31256702","Hidden Burden of Electronic Health Record-Identified Familial Hypercholesterolemia: Clinical Outcomes and Cost of Medical Care","Patel P, Hu Y, Kolinovsky A, Geng Z, Ruhl J, Krishnamurthy S, deRichemond C, Khan A, Kirchner HL, Metpally R, Jones LK, Sturm AC, Carey D, Snyder S, Williams MS, Mehra VC.","J Am Heart Assoc. 2019 Jul 2;8(13):e011822. doi: 10.1161/JAHA.118.011822. Epub 2019 Jun 29.","Patel P","J Am Heart Assoc","2019","2019/07/02","PMC6662375","","10.1161/JAHA.118.011822"
"31647185","IncobotulinumtoxinA Treatment in Upper-Limb Poststroke Spasticity in the Open-Label Extension Period of PURE: Efficacy in Passive Function, Caregiver Burden, and Quality of Life","Marciniak C, Munin MC, Brashear A, Rubin BS, Patel AT, Slawek J, Hanschmann A, Hiersemenzel R, Elovic EP.","PM R. 2020 May;12(5):491-499. doi: 10.1002/pmrj.12265. Epub 2020 Jan 22.","Marciniak C","PM R","2020","2019/10/25","","","10.1002/pmrj.12265"
"1779233","A family of familial hypercholesterolemia with cerebral infarction and without coronary heart disease. An unusual case with corneal opacity, polyneuropathy and carpal tunnel syndrome in the family: therapy with probucol and tocopherol nicotinate","Ihara Y, Nobukuni K, Namba R, Kamisaka K, Kibata M, Kajinami K, Fujita H, Mabuchi H, Shirabe T, Ohshima K, et al.","J Neurol Sci. 1991 Nov;106(1):10-8. doi: 10.1016/0022-510x(91)90187-c.","Ihara Y","J Neurol Sci","1991","1991/11/01","","","10.1016/0022-510x(91)90187-c"
"25992823","[Quality of life of caregivers for patients of cerebrovascular accidents: association of (socio-demographic) characteristics and burden]","Costa TF, Costa KN, Fernandes Md, Martins KP, Brito Sda S.","Rev Esc Enferm USP. 2015 Apr;49(2):245-52. doi: 10.1590/S0080-623420150000200009.","Costa TF","Rev Esc Enferm USP","2015","2015/05/21","","","10.1590/S0080-623420150000200009"
"16517485","Assessing family caregiver's mental health using a statistically derived cut-off score for the Zarit Burden Interview","Schreiner AS, Morimoto T, Arai Y, Zarit S.","Aging Ment Health. 2006 Mar;10(2):107-11. doi: 10.1080/13607860500312142.","Schreiner AS","Aging Ment Health","2006","2006/03/07","","","10.1080/13607860500312142"
"11306768","Acute phase predictors of subsequent psychosocial burden in carers of elderly stroke patients","Thommessen B, Wyller TB, Bautz-Holter E, Laake K.","Cerebrovasc Dis. 2001;11(3):201-6. doi: 10.1159/000047639.","Thommessen B","Cerebrovasc Dis","2001","2001/04/18","","","10.1159/000047639"
"17086781","Factor analysis of the Revised Piper Fatigue Scale in a caregiver sample","Clark PC, Ashford S, Burt R, Aycock DM, Kimble LP.","J Nurs Meas. 2006 Fall;14(2):71-8. doi: 10.1891/jnm-v14i2a001.","Clark PC","J Nurs Meas","2006","2006/11/08","","","10.1891/jnm-v14i2a001"
"11560237","Perceptions of burden among family caregivers of post-stroke elderly in Japan","Morimoto T, Schreiner AS, Asano H.","Int J Rehabil Res. 2001 Sep;24(3):221-6. doi: 10.1097/00004356-200109000-00007.","Morimoto T","Int J Rehabil Res","2001","2001/09/19","","","10.1097/00004356-200109000-00007"
"17468790","Comparison of life satisfaction within couples one year after a partner's stroke","Carlsson GE, Forsberg-Wärleby G, Möller A, Blomstrand C.","J Rehabil Med. 2007 Apr;39(3):219-24. doi: 10.2340/16501977-0048.","Carlsson GE","J Rehabil Med","2007","2007/05/01","","","10.2340/16501977-0048"
"18708846","Long-term cognitive functional limitations post stroke: objective assessment compared with self-evaluations and spouse reports","Wendel K, Risberg J, Pessah-Rasmussen H, Ståhl A, Iwarsson S.","Int J Rehabil Res. 2008 Sep;31(3):231-9. doi: 10.1097/MRR.0b013e3283021912.","Wendel K","Int J Rehabil Res","2008","2008/08/19","","","10.1097/MRR.0b013e3283021912"
"15933262","Familial hypercholesterolemia patients treated with statins at no increased risk for intracranial vascular lesions despite increased cholesterol burden and extracranial atherosclerosis","Soljanlahti S, Autti T, Lauerma K, Raininko R, Keto P, Turtola H, Vuorio AF.","Stroke. 2005 Jul;36(7):1572-4. doi: 10.1161/01.STR.0000169920.64180.fa. Epub 2005 Jun 2.","Soljanlahti S","Stroke","2005","2005/06/04","","","10.1161/01.STR.0000169920.64180.fa"
"31806985","Erratum: The Effect Of Patient Care Education On Burden Of Care And Quality Of Life Of Caregivers Of Stroke Patients [Corrigendum]","","J Multidiscip Healthc. 2019 Nov 5;12:881. doi: 10.2147/JMDH.S232970. eCollection 2019.","","J Multidiscip Healthc","2019","2019/12/07","PMC6842897","","10.2147/JMDH.S232970"
